<?xml version="1.0" encoding="UTF-8"?>
<project-private xmlns="http://www.netbeans.org/ns/project-private/1">
    <editor-bookmarks xmlns="http://www.netbeans.org/ns/editor-bookmarks/2" lastBookmarkId="0"/>
    <open-files xmlns="http://www.netbeans.org/ns/projectui-open-files/2">
        <group>
            <file>file:/Applications/MAMP/htdocs/final_project/show_notes.php</file>
            <file>file:/Applications/MAMP/htdocs/final_project/filters.php</file>
            <file>file:/Applications/MAMP/htdocs/final_project/HomePage.php</file>
            <file>file:/Applications/MAMP/htdocs/final_project/search_result.php</file>
            <file>file:/Applications/MAMP/htdocs/final_project/add_note.php</file>
            <file>file:/Applications/MAMP/htdocs/final_project/change_state.php</file>
            <file>file:/Applications/MAMP/htdocs/final_project/add_filter.php</file>
        </group>
    </open-files>
</project-private>
